Product/Service Name,Quantity on hand,Item type,Category,SKU,Price,Cost,Income Account,Expense Account,Inventory asset account,Sales Description,Purchase Description,Reorder Point,Preferred Supplier
16403-Z7000,1,Inventory,,,350,172.41,Sales of Product Income,Cost of sales,Inventory Asset,,,,
17801-23030,9,Inventory,,,,,Sales of Product Income,Cost of sales,Inventory Asset,,,0,
ADVANCE 2T SX - T1/2,76,Inventory,,,305,207.41,Sales of Product Income,Cost of sales,Inventory Asset,,,,
ADVANCE 4T AX5 - T1,60,Inventory,,,575,389.7,Sales of Product Income,Cost of sales,Inventory Asset,,,,
ADVANCE 4T AX7 10W-40 T1,3,Inventory,,,600,545,Sales of Product Income:Sales of Lubricant Income,Cost of sales,Inventory Asset,,,5,
AIR CLEANER  P30-13-3A0,7,Inventory,,,850,189.66,Sales of Product Income,Cost of sales,Inventory Asset,,,,
AIR CLEANER 13780-58B00,1,Inventory,,,450,215.52,Sales of Product Income,Cost of sales,Inventory Asset,,,,
AIR CLEANER 13780-71L00,2,Inventory,,,500,301.72,Sales of Product Income,Cost of sales,Inventory Asset,,,,
AIR CLEANER 13780-81A00,2,Inventory,,,1000,689.65,Sales of Product Income,Cost of sales,Inventory Asset,,,,
AIR CLEANER 1500A098,1,Inventory,,,650,258.62,Sales of Product Income,Cost of sales,Inventory Asset,,,,
AIR CLEANER 16546-22600,1,Inventory,,,400,215.52,Sales of Product Income,Cost of sales,Inventory Asset,,,,
AIR CLEANER 16546-2S600,1,Inventory,,,450,172.41,Sales of Product Income,Cost of sales,Inventory Asset,,,,
AIR CLEANER 16546-3HD0A,3,Inventory,,,850,189.66,Sales of Product Income,Cost of sales,Inventory Asset,,,,
AIR CLEANER 16546-41B00,3,Inventory,,,500,387.93,Sales of Product Income,Cost of sales,Inventory Asset,,,,
AIR CLEANER 16546-ED060/ED500,8,Inventory,,,450,301.72,Sales of Product Income,Cost of sales,Inventory Asset,,,,
AIR CLEANER 16546-JD20B,6,Inventory,,,650,344.83,Sales of Product Income,Cost of sales,Inventory Asset,,,,
AIR CLEANER 16546-VO100,5,Inventory,,,500,215.52,Sales of Product Income,Cost of sales,Inventory Asset,,,,
AIR CLEANER 17220 REA-000,7,Inventory,,,500,215.52,Sales of Product Income,Cost of sales,Inventory Asset,,,,
AIR CLEANER 17220-RBJ-00,2,Inventory,,,750,387.93,Sales of Product Income,Cost of sales,Inventory Asset,,,,
AIR CLEANER 17220-RLF-000,1,Inventory,,,650,431.03,Sales of Product Income,Cost of sales,Inventory Asset,,,,
AIR CLEANER 17801-11090,3,Inventory,,,400,258.62,Sales of Product Income,Cost of sales,Inventory Asset,,,,
AIR CLEANER 17801-15070,0,Inventory,,,400,258.62,Sales of Product Income,Cost of sales,Inventory Asset,,,,
AIR CLEANER 17801-16020,2,Inventory,,,450,301.72,Sales of Product Income,Cost of sales,Inventory Asset,,,,
AIR CLEANER 17801-21030,18,Inventory,,,400,258.062,Sales of Product Income,Cost of sales,Inventory Asset,,,,
AIR CLEANER 17801-21050,32,Inventory,,,500,344.83,Sales of Product Income,Cost of sales,Inventory Asset,,,,
AIR CLEANER 17801-22020,14,Inventory,,,400,116.38,Sales of Product Income,Cost of sales,Inventory Asset,,,,
AIR CLEANER 17801-28010,2,Inventory,,,500,189.66,Sales of Product Income,Cost of sales,Inventory Asset,,,,
AIR CLEANER 17801-30040/50040,-3,Inventory,,,750,431.03,Sales of Product Income,Cost of sales,Inventory Asset,,,,
AIR CLEANER 17801-30070,4,Inventory,,,850,515.24,Sales of Product Income,Cost of sales,Inventory Asset,,,0,
AIR CLEANER 17801-31110,5,Inventory,,,600,215.52,Sales of Product Income,Cost of sales,Inventory Asset,,,,
AIR CLEANER 17801-31120,1,Inventory,,,650,189.66,Sales of Product Income,Cost of sales,Inventory Asset,,,,
AIR CLEANER 17801-31130,2,Inventory,,,800,474.14,Sales of Product Income,Cost of sales,Inventory Asset,,,,
AIR CLEANER 17801-50060,5,Inventory,,,600,215.52,Sales of Product Income,Cost of sales,Inventory Asset,,,,
AIR CLEANER 17801-51020,2,Inventory,,,850,474.14,Sales of Product Income,Cost of sales,Inventory Asset,,,,
AIR CLEANER 17801-61030,1,Inventory,,,850,387.93,Sales of Product Income,Cost of sales,Inventory Asset,,,,
AIR CLEANER 17801-67060,3,Inventory,,,850,517.24,Sales of Product Income,Cost of sales,Inventory Asset,,,0,
AIR CLEANER 17801-70050,1,Inventory,,,450,344.83,Sales of Product Income,Cost of sales,Inventory Asset,,,,
AIR CLEANER 17801-97402CPASSO),2,Inventory,,,400,172.41,Sales of Product Income,Cost of sales,Inventory Asset,,,,
AIR CLEANER 17801-OC010,5,Inventory,,,850,387.93,Sales of Product Income,Cost of sales,Inventory Asset,,,,
AIR CLEANER 17801-OL040,11,Inventory,,,850,379.31,Sales of Product Income,Cost of sales,Inventory Asset,,,,
AIR CLEANER 2KD 17801-67040,3,Inventory,,,500,387.93,Sales of Product Income,Cost of sales,Inventory Asset,,,,
AIR CLEANER 7L PET 17801-30060,4,Inventory,,,650,301.72,Sales of Product Income,Cost of sales,Inventory Asset,,,,
AIR CLEANER DMAX 8-97941-655-0,1,Inventory,,,650,474.14,Sales of Product Income,Cost of sales,Inventory Asset,,,0,
AIR CLEANER DMX 8-98140265-0,1,Inventory,,,650,600,Sales of Product Income,Cost of sales,Inventory Asset,,,3,
AIR CLEANER ISUZU 4.3 SINGLE 1-14215-077-0,1,Inventory,,,1800,1206.9,Sales of Product Income,Cost of sales,Inventory Asset,,,,
AIR CLEANER MAZ ZJ01-13-Z40LC,5,Inventory,,,500,344.83,Sales of Product Income,Cost of sales,Inventory Asset,,,,
AIR CLEANER MITSU GALANT MR266849,2,Inventory,,,350,301.72,Sales of Product Income,Cost of sales,Inventory Asset,,,,
AIR CLEANER MITSUBISHI ME033717,1,Inventory,,,1680,1403.51,Sales of Product Income,Cost of sales,Inventory Asset,,,,
AIR CLEANER MR993226,4,Inventory,,,450,431.03,Sales of Product Income,Cost of sales,Inventory Asset,,,,
AIR CLEANER NISSAN MURANO 16546-JA00A,0,Inventory,,,1350,258.62,Sales of Product Income,Cost of sales,Inventory Asset,,,,
AIR CLEANER OH20/17801-20040,1,Inventory,,,500,344.83,Sales of Product Income,Cost of sales,Inventory Asset,,,,
AIR CLEANER ORG 17801-31110,0,Inventory,,,1000,560.35,Sales of Product Income,Cost of sales,Inventory Asset,,,,
AIR CLEANER ORG 17801-31120,0,Inventory,,,1000,732.76,Sales of Product Income,Cost of sales,Inventory Asset,,,,
AIR CLEANER ORG 17801-61030,2,Inventory,,,2050,1379.31,Sales of Product Income,Cost of sales,Inventory Asset,,,,
AIR CLEANER OUTLANDER 1500A190,1,Inventory,,,750,275.86,Sales of Product Income,Cost of sales,Inventory Asset,,,,
AIR CLEANER PAJ MR404847,1,Inventory,,,650,431.03,Sales of Product Income,Cost of sales,Inventory Asset,,,,
AIR CLEANER RNA-000,2,Inventory,,,500,215.52,Sales of Product Income,Cost of sales,Inventory Asset,,,,
AIR FILTER 13780-57B00,1,Inventory,,,550,301.72,Sales of Product Income,Cost of sales,Inventory Asset,,,,
AIR FILTER 16546-EB300,2,Inventory,,,850,301.72,Sales of Product Income,Cost of sales,Inventory Asset,,,,
AIR FILTER 17220-RZA-000,2,Inventory,,,500,189.66,Sales of Product Income,Cost of sales,Inventory Asset,,,,
AIR FILTER 17801-31100,3,Inventory,,,500,215.52,Sales of Product Income,Cost of sales,Inventory Asset,,,,
AIR FILTER 17801-31140,5,Inventory,,,850,431.03,Sales of Product Income,Cost of sales,Inventory Asset,,,,
AIR FILTER 17801-67060,0,Inventory,,,500,344.83,Sales of Product Income,Cost of sales,Inventory Asset,,,,
AIR FILTER 17801-74020,3,Inventory,,,400,258.62,Sales of Product Income,Cost of sales,Inventory Asset,,,,
AIR FILTER SUBARU 16546-AA090,4,Inventory,,,650,228.45,Sales of Product Income,Cost of sales,Inventory Asset,,,,
ASSORTED DASHBOARD CLEANER,6,Inventory,,,450,387.93,Sales of Product Income,Cost of sales,Inventory Asset,,,0,
BATTERY ACID -T1,0,Inventory,,,225,120,Sales of Product Income,Cost of sales,Inventory Asset,,,,
BODY WASH SALOON CAR,0,Service,,,200,,Services:Car wash Income,Purchases,,,,,
BRAK PAD NISSAN MURANO KD1726,1,Inventory,,,2450,1465.52,Sales of Product Income,Cost of sales,Inventory Asset,,,,
BRAKE FLUID DOT 4 -  T1/2,21,Inventory,,,595,427.75,Sales of Product Income,Cost of sales,Inventory Asset,,,,
BRAKE FLUID DOT 4- 200ML,32,Inventory,,,345,235.43,Sales of Product Income,Cost of sales,Inventory Asset,,,,
BRAKE PAD HONDA CRV FRONT AP100,1,Inventory,,,1950,1250,Sales of Product Income,Cost of sales,Inventory Asset,,,,
BRAKE PAD HONDA CRV KD 1508,1,Inventory,,,2350,1250,Sales of Product Income,Cost of sales,Inventory Asset,,,,
BRAKE PAD HONDA CRV KD 1702,1,Inventory,,,1450,862.07,Sales of Product Income,Cost of sales,Inventory Asset,,,,
BRAKE PAD MITSUBISHI KD 1544,2,Inventory,,,2250,1465.52,Sales of Product Income,Cost of sales,Inventory Asset,,,,
BRAKE PAD NISSAN MURANO KD1739,1,Inventory,,,2450,1465.52,Sales of Product Income,Cost of sales,Inventory Asset,,,,
BRAKE PAD PRADO REAR KD 2281,1,Inventory,,,1400,818.97,Sales of Product Income,Cost of sales,Inventory Asset,,,,
BRAKE PAD VIRGO KD2735,1,Inventory,,,1650,1077.59,Sales of Product Income,Cost of sales,Inventory Asset,,,,
BRAKEPAD KD 2506 MARK X REAR,2,Inventory,,,1700,1336.21,Sales of Product Income,Cost of sales,Inventory Asset,,,,
CABIN FILTER 87139-06050,11,Inventory,,,550,155.17,Sales of Product Income,Cost of sales,Inventory Asset,,,,
CABIN FILTER 87139-12010,3,Inventory,,,500,215.52,Sales of Product Income,Cost of sales,Inventory Asset,,,,
CABIN FILTER 87139-30040,12,Inventory,,,1000,301.72,Sales of Product Income,Cost of sales,Inventory Asset,,,,
CABIN FILTER 87139-47010,7,Inventory,,,500,163.79,Sales of Product Income,Cost of sales,Inventory Asset,,,,
CABLE TIES,101,Inventory,,,20,3.23,Sales of Product Income,Cost of sales,Inventory Asset,,,,
CAPLESS BULBS,8,Inventory,,,170,129.31,Sales of Product Income,Cost of sales,Inventory Asset,,,,
CARCURATOR AND CHOKE CLEANER,17,Inventory,,,450,258.62,Sales of Product Income,Cost of sales,Inventory Asset,,,,
Curio Shop Rent,0,Service,Rent Income,,45000,,Services:Rent Monthly  Income,,,,,,
DX DIESEL EXTRA,10285.18,Inventory,,,222.8,159.82,Sales of Product Income:Sales of Diesel Income,Cost of sales:Diesel Cost of Sales,Inventory Asset,,,,
EMPTY CYLINDER 13KG,14,Inventory,,,2000,3400,Sales of Product Income,Cost of sales,Inventory Asset,,,,
EMPTY CYLINDER 45KG,2,Inventory,,,11000,9400,Sales of Product Income,Cost of sales,Inventory Asset,,,,
EMPTY CYLINDER 6KG,7,Inventory,,,1800,1800,Sales of Product Income,Cost of sales,Inventory Asset,,,,
FUEL FILTER 04234-68010,1,Inventory,,,750,560.35,Sales of Product Income,Cost of sales,Inventory Asset,,,,
FUEL FILTER 1-13240-194-0/UF3014,3,Inventory,,,450,301.72,Sales of Product Income,Cost of sales,Inventory Asset,,,,
FUEL FILTER 23303-64010,-1,Inventory,,,550,344.83,Sales of Product Income,Cost of sales,Inventory Asset,,,0,
FUEL FILTER 23390-51070,10,Inventory,,,950,344.83,Sales of Product Income,Cost of sales,Inventory Asset,,,,
FUEL FILTER 23390-OL041/OL010,2,Inventory,,,550,344.83,Sales of Product Income,Cost of sales,Inventory Asset,,,,
FUEL FILTER 59E00,1,Inventory,,,500,172.41,Sales of Product Income,Cost of sales,Inventory Asset,,,,
FUEL FILTER 6FGF-5018,1,Inventory,,,1200,862.07,Sales of Product Income,Cost of sales,Inventory Asset,,,,
FUEL FILTER 8-94414796-3,2,Inventory,,,450,129.31,Sales of Product Income,Cost of sales,Inventory Asset,,,,
FUEL FILTER 9-885131111/SF1004/UFF3003,3,Inventory,,,250,86.21,Sales of Product Income,Cost of sales,Inventory Asset,,,,
FUEL FILTER D-MAX 8-972886947-0,2,Inventory,,,400,215.52,Sales of Product Income,Cost of sales,Inventory Asset,,,,
FUEL FILTER MB 220900,2,Inventory,,,450,301.72,Sales of Product Income,Cost of sales,Inventory Asset,,,,
FUEL FILTER ORG 23303-64010,0,Inventory,,,1000,172.41,Sales of Product Income,Cost of sales,Inventory Asset,,,0,
FUEL FILTER ORG 23390-51070,5,Inventory,,,1200,517.24,Sales of Product Income,Cost of sales,Inventory Asset,,,,
FUEL FILTER REVO 23390-OL070,1,Inventory,,,650,474.14,Sales of Product Income,Cost of sales,Inventory Asset,,,,
GAS REFILL  6KG,1,Inventory,,,1580,1210,Sales of Product Income:Sales of LPG Income,Cost of sales:LPG Cost of Sales,Inventory Asset,,,,
GAS REFILL 13KG,-2,Inventory,,,3510,2770,Sales of Product Income:Sales of LPG Income,Cost of sales:LPG Cost of Sales,Inventory Asset,,,,
GAS REFILL 45KG,3,Inventory,,,10790,6975,Sales of Product Income:Sales of LPG Income,Cost of sales:LPG Cost of Sales,Inventory Asset,,,,
GREASING RUNS - T1,0,Inventory,,,1000,469.81,Sales of Product Income,Cost of sales,Inventory Asset,,,,
HELIX HX5 15W40 - 1/2,1,Inventory,,,,,Sales of Product Income,Cost of sales,Inventory Asset,,,0,
HELIX HX5 15W40 - T1,154,Inventory,,,680,458.8,Sales of Product Income,Cost of sales,Inventory Asset,,,,
HELIX HX5 15W40 - T1/2,59,Inventory,,,320,247.63,Sales of Product Income,Cost of sales,Inventory Asset,,,,
HELIX HX5 15W40 - T4,65,Inventory,,,2565,1772.4,Sales of Product Income,Cost of sales,Inventory Asset,,,,
HELIX HX7 10W40  - T1,6,Inventory,,,885,682.51,Sales of Product Income,Cost of sales,Inventory Asset,,,,
HELIX HX7 10W40  - T4,19,Inventory,,,3245,2498.28,Sales of Product Income,Cost of sales,Inventory Asset,,,,
HELIX HX8 5W40 - T1,23,Inventory,,,1180,790.55,Sales of Product Income,Cost of sales,Inventory Asset,,,,
HELIX HX8 5W40 - T4,7,Inventory,,,3895,2997.56,Sales of Product Income,Cost of sales,Inventory Asset,,,,
HELIX ULTRA 5W40 -T1,20,Inventory,,,1190,917.8,Sales of Product Income,Cost of sales,Inventory Asset,,,,
HELIX ULTRA 5W40 -T4,8,Inventory,,,4980,3334.28,Sales of Product Income,Cost of sales,Inventory Asset,,,,
Hours,0,Service,,,,,Services,,,,,,
KLAXCAR BULBS SINGLE & DOUBLE FIL 12V,10,Inventory,,,100,43.1,Sales of Product Income,Cost of sales,Inventory Asset,,,,
KLAXCAR BULBS SINGLE &DUBBLE FIL 24V,18,Inventory,,,80,43.1,Sales of Product Income,Cost of sales,Inventory Asset,,,,
KLAXCAR H4 HALOGEN BULB 12/24V,4,Inventory,,,450,301.72,Sales of Product Income,Cost of sales,Inventory Asset,,,,
KLAXCAR PARKING BULBS 12/24V,16,Inventory,,,100,43.1,Sales of Product Income,Cost of sales,Inventory Asset,,,,
KOITO HALOGEN LAMP 24V,1,Inventory,,,450,258.62,Sales of Product Income,Cost of sales,Inventory Asset,,,,
MY TONE GRACE,6,Inventory,,,390,258.62,Sales of Product Income,Cost of sales,Inventory Asset,,,,
OIL FILTER 04152-31060,2,Inventory,,,850,431.03,Sales of Product Income,Cost of sales,Inventory Asset,,,,
OIL FILTER 04152-31080/31020/38010/31060,-2,Inventory,,,550,258.62,Sales of Product Income,Cost of sales,Inventory Asset,,,,
OIL FILTER 04152-31090,3,Inventory,,,850,387.93,Sales of Product Income,Cost of sales,Inventory Asset,,,,
OIL FILTER 04152-37010,21,Inventory,,,500,103.45,Sales of Product Income,Cost of sales,Inventory Asset,,,,
OIL FILTER 04152-38020,5,Inventory,,,850,180,Sales of Product Income,Cost of sales,Inventory Asset,,,,
OIL FILTER 15208-65F00,30,Inventory,,,500,155.17,Sales of Product Income,Cost of sales,Inventory Asset,,,,
OIL FILTER 15208-AA100,1,Inventory,,,500,215.52,Sales of Product Income,Cost of sales,Inventory Asset,,,,
OIL FILTER 8-97148270-1,4,Inventory,,,700,474.14,Sales of Product Income,Cost of sales,Inventory Asset,,,,
OIL FILTER 8-97309927-0,10,Inventory,,,450,137.93,Sales of Product Income,Cost of sales,Inventory Asset,,,,
OIL FILTER 90915-03002/20001,-5,Inventory,,,500,258.62,Sales of Product Income,Cost of sales,Inventory Asset,,,,
OIL FILTER 90915-10001,45,Inventory,,,400,155.17,Sales of Product Income,Cost of sales,Inventory Asset,,,,
OIL FILTER 90915-10004/03004,2,Inventory,,,450,155.17,Sales of Product Income,Cost of sales,Inventory Asset,,,,
OIL FILTER 90915-30002/6,4,Inventory,,,500,344.83,Sales of Product Income,Cost of sales,Inventory Asset,,,,
OIL FILTER DMAX N/M  8-98165071-0,1,Inventory,,,500,172.41,Sales of Product Income,Cost of sales,Inventory Asset,,,,
OIL FILTER ISUZU FSR SL 2027/1-87810372-1,1,Inventory,,,450,344.83,Sales of Product Income,Cost of sales,Inventory Asset,,,,
OIL FILTER MDO69782,0,Inventory,,,500,344.83,Sales of Product Income,Cost of sales,Inventory Asset,,,,
OIL FILTER MITSU MD135737,24,Inventory,,,500,112.07,Sales of Product Income,Cost of sales,Inventory Asset,,,,
OIL FILTER MITSUBISHI 1-878100-75-1,0,Inventory,,,500,301.72,Sales of Product Income,Cost of sales,Inventory Asset,,,,
OIL FILTER NISSAN 15208-122W,2,Inventory,,,500,241.38,Sales of Product Income,Cost of sales,Inventory Asset,,,,
OIL FILTER ORG 04152-37010,1,Inventory,,,950,431.03,Sales of Product Income,Cost of sales,Inventory Asset,,,,
OIL FILTER ORG 04152-38010,0,Inventory,,,1000,431.03,Sales of Product Income,Cost of sales,Inventory Asset,,,,
OIL FILTER ORG 15208-AA100,1,Inventory,,,1000,301.72,Sales of Product Income,Cost of sales,Inventory Asset,,,,
OIL FILTER ORG 90915 YZZD2,0,Inventory,,,1000,301.72,Sales of Product Income,Cost of sales,Inventory Asset,,,,
OIL FILTER ORG 90915-03006,2,Inventory,,,1000,517.24,Sales of Product Income,Cost of sales,Inventory Asset,,,,
OIL FILTER ORIG 90915-10004,4,Inventory,,,950,258.62,Sales of Product Income,Cost of sales,Inventory Asset,,,,
OIL FILTER PH8A,2,Inventory,,,500,258.62,Sales of Product Income,Cost of sales,Inventory Asset,,,,
RADIATOR CAPS ASSORTED,13,Inventory,,,500,258.62,Sales of Product Income,Cost of sales,Inventory Asset,,,,
RIMULA R1(CD) 40 - T1,0,Inventory,,,500,389.93,Sales of Product Income,Cost of sales,Inventory Asset,,,,
RIMULA R3 TURBO - T1,32,Inventory,,,650,438.52,Sales of Product Income,Cost of sales,Inventory Asset,,,,
RIMULA R3 TURBO - T5,26,Inventory,,,3105,2096.9,Sales of Product Income,Cost of sales,Inventory Asset,,,,
RIMULA R4X 15W40 - T1,74,Inventory,,,695,535.03,Sales of Product Income,Cost of sales,Inventory Asset,,,,
RIMULA R4X 15W40 - T5,29,Inventory,,,3445,2651.55,Sales of Product Income,Cost of sales,Inventory Asset,,,,
RIMULA R6 LM 10W-40 CJ4 T4,1,Inventory,,,3705,2523.2,Sales of Product Income,Cost of sales,Inventory Asset,,,,
Services,0,Service,,,,,Services,,,,,,
SHELL PREMIUM LONG-LIFE AF COOLANT,221,Inventory,,,760,517.87,Sales of Product Income,Cost of sales,Inventory Asset,,,,
SILICON GREY 35GMS,5,Inventory,,,150,77.59,Sales of Product Income,Cost of sales,Inventory Asset,,,,
SILICON GREY 85.2GMS,4,Inventory,,,250,129.31,Sales of Product Income,Cost of sales,Inventory Asset,,,,
SPARK PLUG DENSO FK20HBR11,4,Inventory,,,1250,948.28,Sales of Product Income,Cost of sales,Inventory Asset,,,,
SPARK PLUG DENSO SC20HR11,4,Inventory,,,1250,948.28,Sales of Product Income,Cost of sales,Inventory Asset,,,,
SPARK PLUG DENSO SK20BGR11,6,Inventory,,,1250,948.28,Sales of Product Income,Cost of sales,Inventory Asset,,,,
SPARK PLUG DENSO SK20R11,10,Inventory,,,1250,689.66,Sales of Product Income,Cost of sales,Inventory Asset,,,,
SPARK PLUG FK20HR11,6,Inventory,,,1250,689.66,Sales of Product Income,Cost of sales,Inventory Asset,,,,
SPARK PLUG FXE20HE11,6,Inventory,,,1225,948.28,Sales of Product Income,Cost of sales,Inventory Asset,,,,
SPARK PLUG FXE20HR11,12,Inventory,,,1250,948.28,Sales of Product Income,Cost of sales,Inventory Asset,,,,
SPARK PLUG IZFR6K-11,10,Inventory,,,1250,948.28,Sales of Product Income,Cost of sales,Inventory Asset,,,,
SPARK PLUG K16UR-11,1,Inventory,,,325,215.52,Sales of Product Income,Cost of sales,Inventory Asset,,,,
SPARK PLUG NGK BKR5EGP,4,Inventory,,,1125,689.66,Sales of Product Income,Cost of sales,Inventory Asset,,,,
SPARK PLUGSDENSO K16TR11,0,Inventory,,,325,103.45,Sales of Product Income,Cost of sales,Inventory Asset,,,,
SPARK PUG NISSAN ORIGINAL 22401-8H516,14,Inventory,,,725,560.34,Sales of Product Income,Cost of sales,Inventory Asset,,,,
SPARKO EPOXY,13,Inventory,,,300,112.07,Sales of Product Income,Cost of sales,Inventory Asset,,,,
SPECIAL COOLANT - T5,16,Inventory,,,3105,2433.95,Sales of Product Income,Cost of sales,Inventory Asset,,,,
SPIRAX S2 ATF D2 1L,-17,Inventory,,,735,500.63,Sales of Product Income,Cost of sales,Inventory Asset,,,,
SPIRAX S2 ATF D2 T1/2,8,Inventory,,,335,262.67,Sales of Product Income,Cost of sales,Inventory Asset,,,,
SPIRAX S2 ATF D2 T4,3,Inventory,,,2495,1956.24,Sales of Product Income,Cost of sales,Inventory Asset,,,,
SPIRAX S2 G 140 - T4,3,Inventory,,,2400,1879.16,Sales of Product Income,Cost of sales,Inventory Asset,,,,
SPIRAX S2 G 90 - T4,2,Inventory,,,2790,1900.32,Sales of Product Income,Cost of sales,Inventory Asset,,,,
SPIRAX S5 ATF X T1,0,Inventory,,,2000,1187.4,Sales of Product Income,Cost of sales,Inventory Asset,,,,
SUPER GLUE,7,Inventory,,,50,34.48,Sales of Product Income,Cost of sales,Inventory Asset,,,0,
TUBE PATCH NO1,3,Inventory,,,150,18.68,Sales of Product Income,Cost of sales,Inventory Asset,,,,
TUBE PATCH NO3,30,Inventory,,,200,34.48,Sales of Product Income,Cost of sales,Inventory Asset,,,,
TUBE PATCH NO5,8,Inventory,,,300,94.83,Sales of Product Income,Cost of sales,Inventory Asset,,,,
TUBELESS NOZZLE,11,Inventory,,,100,17.24,Sales of Product Income,Cost of sales,Inventory Asset,,,,
TUBELESS PATCH,13,Inventory,,,150,10.34,Sales of Product Income,Cost of sales,Inventory Asset,,,,
ux UNLEADED EXTRA,5432.94,Inventory,,,214,172.92,Sales of Product Income:Sales of Unleaded Income,Cost of sales:Unleaded Cos of Sales,Inventory Asset,,,,
vp V-POWER,1845.91,Inventory,,,229,184.97,Sales of Product Income:Sales of Vpower Income,Cost of sales:Vpower Cos of Sales,Inventory Asset,,,,
WIPERS ASSORTED,47,Inventory,,,350,175.49,Sales of Product Income,Cost of sales,Inventory Asset,,,,
